,accuracy,precision,recall,f1_score,specificity,roc_auc
Logistic_Regression,0.9018254333486732,0.8713806766229808,0.9291517712057199,0.8993394149103491,0.8773968622893666,0.960803543827732
Random_Forest,0.9233011198036508,0.8806499261447562,0.9688007799805005,0.9226245744351594,0.8826263800116212,0.9785460041012048
Gradient_Boosting,0.9337321675103544,0.9108418763591177,0.9528761780955476,0.9313850063532402,0.9166182452062754,0.982508506723706
