topic,mean_score,median_score,std_score,min_score,max_score,pass_rate
quiz_2,70.36274999999999,70.91499999999999,17.080861132349654,40.3,99.96,85.5
quiz_1,69.97485,71.32,18.084788799071866,40.38,99.83,79.0
quiz_3,69.71925,69.985,17.479748826360844,40.66,99.8,81.5
assignment_3,66.45560000000002,67.67500000000001,20.657214190946785,31.25,99.86,72.0
assignment_2,63.62575,62.69,20.388284433670265,30.32,99.78,67.0
assignment_1,62.1638,60.68,19.365427505540946,31.02,99.3,65.5
